"","name","longitude","latitude","issues","prov","key","datasetKey","publishingOrgKey","publishingCountry","protocol","lastCrawled","lastParsed","crawlId","basisOfRecord","taxonKey","kingdomKey","phylumKey","classKey","orderKey","familyKey","genusKey","scientificName","kingdom","phylum","order","family","genus","genericName","specificEpithet","taxonRank","dateIdentified","coordinateUncertaintyInMeters","year","month","day","eventDate","modified","lastInterpreted","references","license","geodeticDatum","class","countryCode","country","rightsHolder","identifier","informationWithheld","verbatimEventDate","datasetName","gbifID","collectionCode","verbatimLocality","occurrenceID","taxonID","catalogNumber","recordedBy","http://unknown.org/occurrenceDetails","institutionCode","rights","eventTime","identificationID","occurrenceRemarks","identificationRemarks"
"1","Accipiter striatus",-74.059705,40.096267,"cdround,gass84","gbif",1806363338,"50c9509d-22c7-4a22-a47d-8c48425ef4a7","28eb1a3f-1c15-4a95-931a-4af90ecb574d","US","DWC_ARCHIVE","2018-05-09T03:26:36.189+0000","2018-02-01T17:56:25.215+0000",110,"HUMAN_OBSERVATION",9600371,1,44,212,7191147,2877,9405810,"Accipiter striatus Vieillot, 1897","Animalia","Chordata","Accipitriformes","Accipitridae","Accipiter","Accipiter","striatus","SPECIES","2018-01-26T23:05:17.000+0000",28000,2018,1,26,2018-01-26,"2018-01-27T00:10:59.000+0000","2018-02-02T17:33:24.822+0000","https://www.inaturalist.org/observations/9625177","http://creativecommons.org/licenses/by-nc/4.0/legalcode","WGS84","Aves","US","United States","Dr. Dana Ehret","9625177","Coordinate uncertainty increased to 28000m to protect threatened taxon","Fri Jan 26 2018 18:03:26 GMT-0500 (EST)","iNaturalist research-grade observations","1806363338","Observations","United States","https://www.inaturalist.org/observations/9625177","5097","9625177","Dr. Dana Ehret","https://www.inaturalist.org/observations/9625177","iNaturalist","© Dr. Dana Ehret some rights reserved","23:03:26Z","21136178",NA,NA
"2","Accipiter striatus",-98.562545,33.812658,"cdround,gass84","gbif",1806341314,"50c9509d-22c7-4a22-a47d-8c48425ef4a7","28eb1a3f-1c15-4a95-931a-4af90ecb574d","US","DWC_ARCHIVE","2018-05-09T03:26:19.562+0000","2018-02-15T09:28:57.397+0000",110,"HUMAN_OBSERVATION",9600371,1,44,212,7191147,2877,9405810,"Accipiter striatus Vieillot, 1897","Animalia","Chordata","Accipitriformes","Accipitridae","Accipiter","Accipiter","striatus","SPECIES","2018-01-21T17:04:33.000+0000",28902,2018,1,21,2018-01-21,"2018-02-04T20:41:54.000+0000","2018-02-15T09:28:57.488+0000","https://www.inaturalist.org/observations/9550777","http://creativecommons.org/licenses/by-nc/4.0/legalcode","WGS84","Aves","US","United States","jamesmasuoka","9550777","Coordinate uncertainty increased to 28902m to protect threatened taxon","2018/01/21 10:21 AM CST","iNaturalist research-grade observations","1806341314","Observations","Texas, US","https://www.inaturalist.org/observations/9550777","5097","9550777","jamesmasuoka","https://www.inaturalist.org/observations/9550777","iNaturalist","© jamesmasuoka some rights reserved","16:21:00Z","20953974",NA,NA
"3","Accipiter striatus",-122.314108,37.988926,"cdround,gass84","gbif",1802760979,"50c9509d-22c7-4a22-a47d-8c48425ef4a7","28eb1a3f-1c15-4a95-931a-4af90ecb574d","US","DWC_ARCHIVE","2018-05-09T03:25:18.346+0000","2018-04-30T16:38:34.766+0000",110,"HUMAN_OBSERVATION",9600371,1,44,212,7191147,2877,9405810,"Accipiter striatus Vieillot, 1897","Animalia","Chordata","Accipitriformes","Accipitridae","Accipiter","Accipiter","striatus","SPECIES","2018-01-01T23:13:27.000+0000",28329,2018,1,1,2018-01-01,"2018-01-02T00:08:16.000+0000","2018-04-30T16:38:34.802+0000","https://www.inaturalist.org/observations/9337781","http://creativecommons.org/licenses/by-nc/4.0/legalcode","WGS84","Aves","US","United States","tiwane","9337781","Coordinate uncertainty increased to 28329m to protect threatened taxon","2018/01/01 11:42 AM PST","iNaturalist research-grade observations","1802760979","Observations","California, US","https://www.inaturalist.org/observations/9337781","5097","9337781","tiwane","https://www.inaturalist.org/observations/9337781","iNaturalist","© tiwane some rights reserved","19:42:00Z","20309975",NA,NA
"4","Accipiter striatus",-122.360307,37.024755,"cdround,gass84","gbif",1802763269,"50c9509d-22c7-4a22-a47d-8c48425ef4a7","28eb1a3f-1c15-4a95-931a-4af90ecb574d","US","DWC_ARCHIVE","2018-05-09T03:25:19.803+0000","2018-01-11T09:17:16.831+0000",110,"HUMAN_OBSERVATION",9600371,1,44,212,7191147,2877,9405810,"Accipiter striatus Vieillot, 1897","Animalia","Chordata","Accipitriformes","Accipitridae","Accipiter","Accipiter","striatus","SPECIES","2018-01-02T06:28:49.000+0000",28447,2018,1,1,2018-01-01,"2018-01-03T23:59:47.000+0000","2018-02-02T17:13:13.969+0000","https://www.inaturalist.org/observations/9342605","http://creativecommons.org/licenses/by-nc/4.0/legalcode","WGS84","Aves","US","United States","Jennifer Rycenga","9342605","Coordinate uncertainty increased to 28447m to protect threatened taxon","2018/01/01 10:10 AM PST","iNaturalist research-grade observations","1802763269","Observations","California, US","https://www.inaturalist.org/observations/9342605","5097","9342605","Jennifer Rycenga","https://www.inaturalist.org/observations/9342605","iNaturalist","© Jennifer Rycenga some rights reserved","18:10:00Z","20323209","Note the even tail, and the wings pulled back from around the head. When the bird went past us at close range, its drawers were not visible as they would be on a Cooper's Hawk",NA
"5","Accipiter striatus",-121.500131,37.174248,"cdround,gass84","gbif",1806339729,"50c9509d-22c7-4a22-a47d-8c48425ef4a7","28eb1a3f-1c15-4a95-931a-4af90ecb574d","US","DWC_ARCHIVE","2018-05-09T03:26:18.163+0000","2018-02-01T17:55:57.965+0000",110,"HUMAN_OBSERVATION",9600371,1,44,212,7191147,2877,9405810,"Accipiter striatus Vieillot, 1897","Animalia","Chordata","Accipitriformes","Accipitridae","Accipiter","Accipiter","striatus","SPECIES","2018-01-21T05:39:29.000+0000",28447,2018,1,20,2018-01-20,"2018-01-27T11:36:01.000+0000","2018-02-02T17:33:12.243+0000","https://www.inaturalist.org/observations/9546596","http://creativecommons.org/licenses/by-nc/4.0/legalcode","WGS84","Aves","US","United States","edward_rooks","9546596","Coordinate uncertainty increased to 28447m to protect threatened taxon","2018/01/20 12:27 PM PST","iNaturalist research-grade observations","1806339729","Observations","Santa Clara County, US-CA, US","https://www.inaturalist.org/observations/9546596","5097","9546596","edward_rooks","https://www.inaturalist.org/observations/9546596","iNaturalist","© edward_rooks some rights reserved","20:27:00Z","20941867","2 photographs of one bird, both taken within a minute, or two of each other, but the lighting and angles makes it difficult to believe it is the same bird. The marking appear different.",NA
"6","Accipiter striatus",-123.976047,49.185667,"cdround,gass84","gbif",1802771195,"50c9509d-22c7-4a22-a47d-8c48425ef4a7","28eb1a3f-1c15-4a95-931a-4af90ecb574d","US","DWC_ARCHIVE","2018-05-09T03:25:25.003+0000","2018-01-11T09:17:49.745+0000",110,"HUMAN_OBSERVATION",9600371,1,44,212,7191147,2877,9405810,"Accipiter striatus Vieillot, 1897","Animalia","Chordata","Accipitriformes","Accipitridae","Accipiter","Accipiter","striatus","SPECIES","2018-01-04T04:47:32.000+0000",169,2018,1,2,2018-01-02,"2018-01-05T05:19:34.000+0000","2018-02-02T17:13:18.021+0000","https://www.inaturalist.org/observations/9360689","http://creativecommons.org/licenses/by-nc/4.0/legalcode","WGS84","Aves","CA","Canada","nanorca13","9360689",NA,"2018/01/02 1:25 PM PST","iNaturalist research-grade observations","1802771195","Observations","1121 Thunderbird Dr, Nanaimo, BC V9S 2P1, Canada","https://www.inaturalist.org/observations/9360689","5097","9360689","nanorca13","https://www.inaturalist.org/observations/9360689","iNaturalist","© nanorca13 some rights reserved","21:25:00Z","20381948",NA,NA
"7","Accipiter striatus",-103.464187,50.07486,"cdround,gass84","gbif",1802777994,"50c9509d-22c7-4a22-a47d-8c48425ef4a7","28eb1a3f-1c15-4a95-931a-4af90ecb574d","US","DWC_ARCHIVE","2018-05-09T03:25:29.103+0000","2018-01-11T09:18:17.633+0000",110,"HUMAN_OBSERVATION",9600371,1,44,212,7191147,2877,9405810,"Accipiter striatus Vieillot, 1897","Animalia","Chordata","Accipitriformes","Accipitridae","Accipiter","Accipiter","striatus","SPECIES","2018-01-05T22:41:03.000+0000",NA,2018,1,4,2018-01-04,"2018-01-05T23:15:48.000+0000","2018-02-02T17:13:18.888+0000","https://www.inaturalist.org/observations/9376083","http://creativecommons.org/licenses/by-nc/4.0/legalcode","WGS84","Aves","CA","Canada","Anita Draper","9376083",NA,"2018/01/04 2:03 PM CST","iNaturalist research-grade observations","1802777994","Observations","Division No. 6, Saskatchewan, Canada","https://www.inaturalist.org/observations/9376083","5097","9376083","Anita Draper","https://www.inaturalist.org/observations/9376083","iNaturalist","© Anita Draper some rights reserved","20:03:00Z","20433074","First saw it on edge of shelterbelt then it moved to within 10 feet of suet feeder. Flew away without prey.",NA
"8","Accipiter striatus",-122.267538,37.083665,"cdround,gass84","gbif",1807330165,"50c9509d-22c7-4a22-a47d-8c48425ef4a7","28eb1a3f-1c15-4a95-931a-4af90ecb574d","US","DWC_ARCHIVE","2018-05-09T03:27:24.807+0000","2018-02-15T09:30:08.748+0000",110,"HUMAN_OBSERVATION",9600371,1,44,212,7191147,2877,9405810,"Accipiter striatus Vieillot, 1897","Animalia","Chordata","Accipitriformes","Accipitridae","Accipiter","Accipiter","striatus","SPECIES","2018-02-09T17:28:49.000+0000",28447,2018,1,1,2018-01-01,"2018-02-10T03:52:04.000+0000","2018-02-15T09:31:13.679+0000","https://www.inaturalist.org/observations/9797637","http://creativecommons.org/licenses/by-nc/4.0/legalcode","WGS84","Aves","US","United States","Donna Pomeroy","9797637","Coordinate uncertainty increased to 28447m to protect threatened taxon","2018/01/01 11:09 AM PST","iNaturalist research-grade observations","1807330165","Observations","California, US","https://www.inaturalist.org/observations/9797637","5097","9797637","Donna Pomeroy","https://www.inaturalist.org/observations/9797637","iNaturalist","© Donna Pomeroy some rights reserved","19:09:00Z","21590306",NA,NA
"9","Accipiter striatus",-115.097844,36.156902,"cdround,gass84","gbif",1806356037,"50c9509d-22c7-4a22-a47d-8c48425ef4a7","28eb1a3f-1c15-4a95-931a-4af90ecb574d","US","DWC_ARCHIVE","2018-05-09T03:26:30.805+0000","2018-03-26T14:52:10.867+0000",110,"HUMAN_OBSERVATION",9600371,1,44,212,7191147,2877,9405810,"Accipiter striatus Vieillot, 1897","Animalia","Chordata","Accipitriformes","Accipitridae","Accipiter","Accipiter","striatus","SPECIES","2018-01-25T01:24:41.000+0000",28592,2018,1,23,2018-01-23,"2018-03-04T20:29:42.000+0000","2018-03-26T14:52:10.889+0000","https://www.inaturalist.org/observations/9605812","http://creativecommons.org/licenses/by-nc/4.0/legalcode","WGS84","Aves","US","United States","lonnyholmes","9605812","Coordinate uncertainty increased to 28592m to protect threatened taxon","2018/01/23 9:52 AM PST","iNaturalist research-grade observations","1806356037","Observations","Clark County, US-NV, US","https://www.inaturalist.org/observations/9605812","5097","9605812","lonnyholmes","https://www.inaturalist.org/observations/9605812","iNaturalist","© lonnyholmes some rights reserved","17:52:00Z","21077671","Very small & fast flying.",NA
"10","Accipiter striatus",-121.916164,37.966792,"cdround,gass84","gbif",1802790830,"50c9509d-22c7-4a22-a47d-8c48425ef4a7","28eb1a3f-1c15-4a95-931a-4af90ecb574d","US","DWC_ARCHIVE","2018-05-09T03:25:38.708+0000","2018-03-08T06:55:24.997+0000",110,"HUMAN_OBSERVATION",9600371,1,44,212,7191147,2877,9405810,"Accipiter striatus Vieillot, 1897","Animalia","Chordata","Accipitriformes","Accipitridae","Accipiter","Accipiter","striatus","SPECIES","2018-01-08T17:49:48.000+0000",28329,2018,1,6,2018-01-06,"2018-02-10T13:56:25.000+0000","2018-03-08T06:55:25.020+0000","https://www.inaturalist.org/observations/9411162","http://creativecommons.org/licenses/by-nc/4.0/legalcode","WGS84","Aves","US","United States","kendalloei","9411162","Coordinate uncertainty increased to 28329m to protect threatened taxon","Sat Jan 06 2018 10:36:40 GMT-0800 (PST)","iNaturalist research-grade observations","1802790830","Observations","California, US","https://www.inaturalist.org/observations/9411162","5097","9411162","kendalloei","https://www.inaturalist.org/observations/9411162","iNaturalist","© kendalloei some rights reserved","18:36:40Z","20534480","Looking a little ragged.",NA
"11","Accipiter striatus",-122.21248,39.156836,"cdround,gass84","gbif",1806371730,"50c9509d-22c7-4a22-a47d-8c48425ef4a7","28eb1a3f-1c15-4a95-931a-4af90ecb574d","US","DWC_ARCHIVE","2018-05-09T03:26:42.828+0000","2018-02-15T09:29:20.808+0000",110,"HUMAN_OBSERVATION",9600371,1,44,212,7191147,2877,9405810,"Accipiter striatus Vieillot, 1897","Animalia","Chordata","Accipitriformes","Accipitridae","Accipiter","Accipiter","striatus","SPECIES","2018-01-28T23:31:11.000+0000",28151,2018,1,28,2018-01-28,"2018-02-04T17:38:15.000+0000","2018-02-15T09:29:22.012+0000","https://www.inaturalist.org/observations/9647799","http://creativecommons.org/licenses/by-nc/4.0/legalcode","WGS84","Aves","US","United States","makayla530","9647799","Coordinate uncertainty increased to 28151m at the request of the observer","2018/01/28 12:46 PM PST","iNaturalist research-grade observations","1806371730","Observations","Colusa County, US-CA, US","https://www.inaturalist.org/observations/9647799","5097","9647799","makayla530","https://www.inaturalist.org/observations/9647799","iNaturalist","© makayla530 some rights reserved","20:46:00Z","21198282","I adjusted the quality of the third photo to get a better view of the breast.",NA
"12","Accipiter striatus",-103.742344,20.662626,"cdround,gass84","gbif",1806372635,"50c9509d-22c7-4a22-a47d-8c48425ef4a7","28eb1a3f-1c15-4a95-931a-4af90ecb574d","US","DWC_ARCHIVE","2018-05-09T03:26:43.540+0000","2018-04-02T15:21:42.629+0000",110,"HUMAN_OBSERVATION",9600371,1,44,212,7191147,2877,9405810,"Accipiter striatus Vieillot, 1897","Animalia","Chordata","Accipitriformes","Accipitridae","Accipiter","Accipiter","striatus","SPECIES","2018-01-29T00:58:25.000+0000",30453,2018,1,27,2018-01-27,"2018-03-24T07:49:15.000+0000","2018-04-02T15:21:42.641+0000","https://www.inaturalist.org/observations/9650020","http://creativecommons.org/licenses/by-nc/4.0/legalcode","WGS84","Aves","MX","Mexico","Julio Alejandro Álvarez Ruiz","9650020","Coordinate uncertainty increased to 30453m to protect threatened taxon","2018/01/27 8:00 AM CST","iNaturalist research-grade observations","1806372635","Observations","Jalisco, MX","https://www.inaturalist.org/observations/9650020","5097","9650020","Julio Alejandro Álvarez Ruiz","https://www.inaturalist.org/observations/9650020","iNaturalist","© Julio Alejandro Álvarez Ruiz some rights reserved","14:00:00Z","21200745",NA,NA
"13","Accipiter striatus",-74.810824,38.955414,"cdround,gass84","gbif",1806338420,"50c9509d-22c7-4a22-a47d-8c48425ef4a7","28eb1a3f-1c15-4a95-931a-4af90ecb574d","US","DWC_ARCHIVE","2018-05-09T03:26:17.256+0000","2018-02-01T17:55:56.436+0000",110,"HUMAN_OBSERVATION",9600371,1,44,212,7191147,2877,9405810,"Accipiter striatus Vieillot, 1897","Animalia","Chordata","Accipitriformes","Accipitridae","Accipiter","Accipiter","striatus","SPECIES","2018-01-21T00:44:18.000+0000",28181,2018,1,20,2018-01-20,"2018-01-21T01:33:42.000+0000","2018-02-02T17:33:09.319+0000","https://www.inaturalist.org/observations/9543140","http://creativecommons.org/licenses/by-nc/4.0/legalcode","WGS84","Aves","US","United States","Mirko Schoenitz","9543140","Coordinate uncertainty increased to 28181m to protect threatened taxon","2018/01/20 3:22 PM EST","iNaturalist research-grade observations","1806338420","Observations","United States","https://www.inaturalist.org/observations/9543140","5097","9543140","Mirko Schoenitz","https://www.inaturalist.org/observations/9543140","iNaturalist","by Mirko Schoenitz no rights reserved","20:22:00Z","20932851",NA,NA
"14","Accipiter striatus",-74.174611,40.398185,"cdround,gass84","gbif",1802790707,"50c9509d-22c7-4a22-a47d-8c48425ef4a7","28eb1a3f-1c15-4a95-931a-4af90ecb574d","US","DWC_ARCHIVE","2018-05-09T03:25:38.669+0000","2018-01-25T15:13:03.829+0000",110,"HUMAN_OBSERVATION",9600371,1,44,212,7191147,2877,9405810,"Accipiter striatus Vieillot, 1897","Animalia","Chordata","Accipitriformes","Accipitridae","Accipiter","Accipiter","striatus","SPECIES","2018-01-08T13:47:49.000+0000",27969,2018,1,4,2018-01-04,"2018-01-10T16:56:27.000+0000","2018-02-02T17:13:26.335+0000","https://www.inaturalist.org/observations/9410852","http://creativecommons.org/licenses/by-nc/4.0/legalcode","WGS84","Aves","US","United States","wsimmons","9410852","Coordinate uncertainty increased to 27969m to protect threatened taxon","2018-01-04 11:54:04 AM EST","iNaturalist research-grade observations","1802790707","Observations","United States","https://www.inaturalist.org/observations/9410852","5097","9410852","wsimmons","https://www.inaturalist.org/observations/9410852","iNaturalist","© wsimmons some rights reserved","16:54:04Z","20528635","Feeding on kill by hole in iced-up pond. Photos by Mike Fedosh.",NA
"15","Accipiter striatus",-101.313546,19.692006,"cdround,gass84","gbif",1802796435,"50c9509d-22c7-4a22-a47d-8c48425ef4a7","28eb1a3f-1c15-4a95-931a-4af90ecb574d","US","DWC_ARCHIVE","2018-05-09T03:25:42.869+0000","2018-02-01T17:55:19.437+0000",110,"HUMAN_OBSERVATION",9600371,1,44,212,7191147,2877,9405810,"Accipiter striatus Vieillot, 1897","Animalia","Chordata","Accipitriformes","Accipitridae","Accipiter","Accipiter","striatus","SPECIES","2018-01-10T01:09:16.000+0000",30545,2018,1,9,2018-01-09,"2018-01-23T03:51:20.000+0000","2018-02-02T17:13:31.135+0000","https://www.inaturalist.org/observations/9425199","http://creativecommons.org/licenses/by-nc/4.0/legalcode","WGS84","Aves","MX","Mexico","Ulises Alejandre-Espinoza.","9425199","Coordinate uncertainty increased to 30545m to protect threatened taxon","2018/01/09 12:45 PM CST","iNaturalist research-grade observations","1802796435","Observations","Michoacán, MX","https://www.inaturalist.org/observations/9425199","5097","9425199","Ulises Alejandre-Espinoza.","https://www.inaturalist.org/observations/9425199","iNaturalist","© Ulises Alejandre-Espinoza. some rights reserved","18:45:00Z","20577959",NA,NA
"16","Accipiter striatus",-102.311762,19.875535,"cdround,gass84","gbif",1805390069,"50c9509d-22c7-4a22-a47d-8c48425ef4a7","28eb1a3f-1c15-4a95-931a-4af90ecb574d","US","DWC_ARCHIVE","2018-05-09T03:25:51.726+0000","2018-01-25T15:14:40.432+0000",110,"HUMAN_OBSERVATION",9600371,1,44,212,7191147,2877,9405810,"Accipiter striatus Vieillot, 1897","Animalia","Chordata","Accipitriformes","Accipitridae","Accipiter","Accipiter","striatus","SPECIES","2018-01-13T00:17:21.000+0000",30527,2018,1,12,2018-01-12,"2018-01-13T18:49:53.000+0000","2018-02-02T17:28:46.421+0000","https://www.inaturalist.org/observations/9452946","http://creativecommons.org/licenses/by-nc/4.0/legalcode","WGS84","Aves","MX","Mexico","Ricardo A. T.","9452946","Coordinate uncertainty increased to 30527m to protect threatened taxon","2018/01/12 10:26 AM CST","iNaturalist research-grade observations","1805390069","Observations","Michoacán, MX","https://www.inaturalist.org/observations/9452946","5097","9452946","Ricardo A. T.","https://www.inaturalist.org/observations/9452946","iNaturalist","© Ricardo A. T. some rights reserved","16:26:00Z","20664358","Creo que pecho canela pero no estoy seguro, por tamaño y el pico mas que nada.",NA
"17","Accipiter striatus",-97.761617,30.265575,"cdround,gass84","gbif",1805387149,"50c9509d-22c7-4a22-a47d-8c48425ef4a7","28eb1a3f-1c15-4a95-931a-4af90ecb574d","US","DWC_ARCHIVE","2018-05-09T03:25:49.280+0000","2018-03-26T14:50:57.345+0000",110,"HUMAN_OBSERVATION",9600371,1,44,212,7191147,2877,9405810,"Accipiter striatus Vieillot, 1897","Animalia","Chordata","Accipitriformes","Accipitridae","Accipiter","Accipiter","striatus","SPECIES","2018-01-12T03:52:22.000+0000",29382,2018,1,6,2018-01-06,"2018-03-05T15:42:36.000+0000","2018-03-26T14:50:57.358+0000","https://www.inaturalist.org/observations/9445601","http://creativecommons.org/licenses/by-nc/4.0/legalcode","WGS84","Aves","US","United States","AJ Johnson","9445601","Coordinate uncertainty increased to 29382m to protect threatened taxon","2018/01/06 2:21 AM CST","iNaturalist research-grade observations","1805387149","Observations","Travis County, US-TX, US","https://www.inaturalist.org/observations/9445601","5097","9445601","AJ Johnson","https://www.inaturalist.org/observations/9445601","iNaturalist","© AJ Johnson some rights reserved","08:21:00Z","20638356","Pictures are super-cropped.",NA
"18","Accipiter striatus",-121.820626,37.292001,"cdround,gass84","gbif",1805391169,"50c9509d-22c7-4a22-a47d-8c48425ef4a7","28eb1a3f-1c15-4a95-931a-4af90ecb574d","US","DWC_ARCHIVE","2018-05-09T03:25:52.411+0000","2018-01-25T15:14:46.016+0000",110,"HUMAN_OBSERVATION",9600371,1,44,212,7191147,2877,9405810,"Accipiter striatus Vieillot, 1897","Animalia","Chordata","Accipitriformes","Accipitridae","Accipiter","Accipiter","striatus","SPECIES","2018-01-13T14:46:48.000+0000",28417,2018,1,12,2018-01-12,"2018-01-14T01:56:06.000+0000","2018-02-02T17:28:50.683+0000","https://www.inaturalist.org/observations/9455660","http://creativecommons.org/licenses/by-nc/4.0/legalcode","WGS84","Aves","US","United States","Anne Parsons","9455660","Coordinate uncertainty increased to 28417m to protect threatened taxon","2018/01/12 12:58 PM PST","iNaturalist research-grade observations","1805391169","Observations","Santa Clara County, US-CA, US","https://www.inaturalist.org/observations/9455660","5097","9455660","Anne Parsons","https://www.inaturalist.org/observations/9455660","iNaturalist","© Anne Parsons some rights reserved","20:58:00Z","20678952",NA,"Thanks, @birdnerd12, for telling me what characteristics to look for. This helps me learn."
"19","Accipiter striatus",-98.401733,30.265672,"cdround,gass84","gbif",1831194757,"50c9509d-22c7-4a22-a47d-8c48425ef4a7","28eb1a3f-1c15-4a95-931a-4af90ecb574d","US","DWC_ARCHIVE","2018-05-09T03:27:46.876+0000","2018-03-08T06:57:01.142+0000",110,"HUMAN_OBSERVATION",9600371,1,44,212,7191147,2877,9405810,"Accipiter striatus Vieillot, 1897","Animalia","Chordata","Accipitriformes","Accipitridae","Accipiter","Accipiter","striatus","SPECIES","2018-02-16T16:40:11.000+0000",29382,2018,1,16,2018-01-16,"2018-02-25T23:07:09.000+0000","2018-03-08T06:57:41.481+0000","https://www.inaturalist.org/observations/9880442","http://creativecommons.org/licenses/by-nc/4.0/legalcode","WGS84","Aves","US","United States","duckswim2","9880442","Coordinate uncertainty increased to 29382m to protect threatened taxon","2018/01/16 2:49 PM CST","iNaturalist research-grade observations","1831194757","Observations","Texas, US","https://www.inaturalist.org/observations/9880442","5097","9880442","duckswim2","https://www.inaturalist.org/observations/9880442","iNaturalist","© duckswim2 some rights reserved","20:49:00Z","21807452","Outside a window",NA
"20","Accipiter striatus",-123.751062,39.208477,"cdround,gass84","gbif",1831089884,"50c9509d-22c7-4a22-a47d-8c48425ef4a7","28eb1a3f-1c15-4a95-931a-4af90ecb574d","US","DWC_ARCHIVE","2018-05-09T01:48:18.484+0000","2018-05-09T01:48:18.502+0000",110,"HUMAN_OBSERVATION",9600371,1,44,212,7191147,2877,9405810,"Accipiter striatus Vieillot, 1897","Animalia","Chordata","Accipitriformes","Accipitridae","Accipiter","Accipiter","striatus","SPECIES","2018-02-27T05:08:45.000+0000",28121,2018,1,17,2018-01-17,"2018-02-28T00:48:41.000+0000","2018-05-09T01:48:26.157+0000","https://www.inaturalist.org/observations/10014403","http://creativecommons.org/licenses/by-nc/4.0/legalcode","WGS84","Aves","US","United States","Sam","10014403","Coordinate uncertainty increased to 28121m to protect threatened taxon","2018/01/17 2:01 AM PST","iNaturalist research-grade observations","1831089884","Observations","Mendocino County, US-CA, US","https://www.inaturalist.org/observations/10014403","5097","10014403","Sam","https://www.inaturalist.org/observations/10014403","iNaturalist","© Sam some rights reserved","10:01:00Z","22152615",NA,NA
"21","Accipiter striatus",-111.058177,29.156599,"cdround,gass84","gbif",1843246221,"50c9509d-22c7-4a22-a47d-8c48425ef4a7","28eb1a3f-1c15-4a95-931a-4af90ecb574d","US","DWC_ARCHIVE","2018-05-09T03:25:19.364+0000","2018-05-09T03:25:19.393+0000",110,"HUMAN_OBSERVATION",9600371,1,44,212,7191147,2877,9405810,"Accipiter striatus Vieillot, 1897","Animalia","Chordata","Accipitriformes","Accipitridae","Accipiter","Accipiter","striatus","SPECIES","2018-01-02T18:37:06.000+0000",29533,2018,1,1,2018-01-01,"2018-05-04T02:31:12.000+0000","2018-05-09T03:25:19.430+0000","https://www.inaturalist.org/observations/9340977","http://creativecommons.org/licenses/by-nc/4.0/legalcode","WGS84","Aves","MX","Mexico","Malcon Bechelani","9340977","Coordinate uncertainty increased to 29533m to protect threatened taxon","2018/01/01 8:34 PM MST","iNaturalist research-grade observations","1843246221","Observations","Hermosillo, MX-SO, MX","https://www.inaturalist.org/observations/9340977","5097","9340977","Malcon Bechelani","https://www.inaturalist.org/observations/9340977","iNaturalist","© Malcon Bechelani some rights reserved","03:34:00Z","20336526",NA,NA
"22","Accipiter striatus",-79.072229,43.069702,"gass84","gbif",1805377928,"50c9509d-22c7-4a22-a47d-8c48425ef4a7","28eb1a3f-1c15-4a95-931a-4af90ecb574d","US","DWC_ARCHIVE","2018-05-09T03:25:42.478+0000","2018-01-25T15:13:33.547+0000",110,"HUMAN_OBSERVATION",9600371,1,44,212,7191147,2877,9405810,"Accipiter striatus Vieillot, 1897","Animalia","Chordata","Accipitriformes","Accipitridae","Accipiter","Accipiter","striatus","SPECIES","2018-01-09T22:00:49.000+0000",185,2018,1,9,2018-01-09,"2018-01-11T16:13:48.000+0000","2018-02-02T17:28:45.636+0000","https://www.inaturalist.org/observations/9423686","http://creativecommons.org/licenses/by-nc/4.0/legalcode","WGS84","Aves","CA","Canada","Joanne Redwood","9423686",NA,"2018/01/09 12:41 PM EST","iNaturalist research-grade observations","1805377928","Observations","Dufferin Islands, 6345 Dufferin Isle Rd, Niagara Falls, ON L0S 1A0, Canada","https://www.inaturalist.org/observations/9423686","5097","9423686","Joanne Redwood","https://www.inaturalist.org/observations/9423686","iNaturalist","© Joanne Redwood some rights reserved","17:41:00Z","20572798","tiny accipiter",NA
"23","Accipiter striatus",-118.161037,33.866752,"cdround,gass84","gbif",1802765847,"50c9509d-22c7-4a22-a47d-8c48425ef4a7","28eb1a3f-1c15-4a95-931a-4af90ecb574d","US","DWC_ARCHIVE","2018-05-09T03:25:21.386+0000","2018-01-11T09:17:27.504+0000",110,"HUMAN_OBSERVATION",9600371,1,44,212,7191147,2877,9405810,"Accipiter striatus Vieillot, 1897","Animalia","Chordata","Accipitriformes","Accipitridae","Accipiter","Accipiter","striatus","SPECIES","2018-01-02T23:42:43.000+0000",28902,2018,1,2,2018-01-02,"2018-01-03T21:09:12.000+0000","2018-02-02T17:13:15.425+0000","https://www.inaturalist.org/observations/9348738","http://creativecommons.org/licenses/by-nc/4.0/legalcode","WGS84","Aves","US","United States","Kim Moore","9348738","Coordinate uncertainty increased to 28902m to protect threatened taxon","2018/01/02 12:53 PM PST","iNaturalist research-grade observations","1802765847","Observations","Los Angeles County, US-CA, US","https://www.inaturalist.org/observations/9348738","5097","9348738","Kim Moore","https://www.inaturalist.org/observations/9348738","iNaturalist","© Kim Moore some rights reserved","20:53:00Z","20345260",NA,NA
"24","Accipiter striatus",-118.498312,34.081072,"cdround,gass84","gbif",1805397482,"50c9509d-22c7-4a22-a47d-8c48425ef4a7","28eb1a3f-1c15-4a95-931a-4af90ecb574d","US","DWC_ARCHIVE","2018-05-09T03:25:56.570+0000","2018-01-25T15:15:18.343+0000",110,"HUMAN_OBSERVATION",9600371,1,44,212,7191147,2877,9405810,"Accipiter striatus Vieillot, 1897","Animalia","Chordata","Accipitriformes","Accipitridae","Accipiter","Accipiter","striatus","SPECIES","2018-01-14T19:10:05.000+0000",28874,2018,1,3,2018-01-03,"2018-01-14T19:27:07.000+0000","2018-02-02T17:29:00.204+0000","https://www.inaturalist.org/observations/9472313","http://creativecommons.org/licenses/by-nc/4.0/legalcode","WGS84","Aves","US","United States","artsee1","9472313","Coordinate uncertainty increased to 28874m to protect threatened taxon","2018/01/03 9:50 PM PST","iNaturalist research-grade observations","1805397482","Observations","Los Angeles County, US-CA, US","https://www.inaturalist.org/observations/9472313","5097","9472313","artsee1","https://www.inaturalist.org/observations/9472313","iNaturalist","© artsee1 some rights reserved","05:50:00Z","20716828",NA,NA
"25","Accipiter striatus",-81.540353,37.154437,"cdround,gass84","gbif",1805403415,"50c9509d-22c7-4a22-a47d-8c48425ef4a7","28eb1a3f-1c15-4a95-931a-4af90ecb574d","US","DWC_ARCHIVE","2018-05-09T03:26:01.302+0000","2018-01-25T15:15:50.915+0000",110,"HUMAN_OBSERVATION",9600371,1,44,212,7191147,2877,9405810,"Accipiter striatus Vieillot, 1897","Animalia","Chordata","Accipitriformes","Accipitridae","Accipiter","Accipiter","striatus","SPECIES",NA,28447,2018,1,4,2018-01-04,"2018-01-18T05:18:31.000+0000","2018-02-02T17:28:57.874+0000","https://www.inaturalist.org/observations/9486515","http://creativecommons.org/licenses/by-nc/4.0/legalcode","WGS84","Aves","US","United States","kstilwell","9486515","Coordinate uncertainty increased to 28447m to protect threatened taxon","2018/01/04 10:44 AM UTC","iNaturalist research-grade observations","1805403415","Observations","Virginia, US","https://www.inaturalist.org/observations/9486515","5097","9486515","kstilwell","https://www.inaturalist.org/observations/9486515","iNaturalist","© kstilwell some rights reserved",NA,NA,NA,NA
"26","Accipiter striatus",-122.065185,36.915992,"cdround,gass84","gbif",1806356091,"50c9509d-22c7-4a22-a47d-8c48425ef4a7","28eb1a3f-1c15-4a95-931a-4af90ecb574d","US","DWC_ARCHIVE","2018-05-09T03:26:30.800+0000","2018-02-01T17:56:17.777+0000",110,"HUMAN_OBSERVATION",9600371,1,44,212,7191147,2877,9405810,"Accipiter striatus Vieillot, 1897","Animalia","Chordata","Accipitriformes","Accipitridae","Accipiter","Accipiter","striatus","SPECIES","2018-01-25T01:31:56.000+0000",28476,2018,1,24,2018-01-24,"2018-01-25T03:42:07.000+0000","2018-02-02T17:33:18.915+0000","https://www.inaturalist.org/observations/9605904","http://creativecommons.org/licenses/by-nc/4.0/legalcode","WGS84","Aves","US","United States","ldjaffe","9605904","Coordinate uncertainty increased to 28476m to protect threatened taxon","2018/01/24 5:26 PM PST","iNaturalist research-grade observations","1806356091","Observations","California, US","https://www.inaturalist.org/observations/9605904","5097","9605904","ldjaffe","https://www.inaturalist.org/observations/9605904","iNaturalist","© ldjaffe some rights reserved","01:26:00Z","21077895",NA,"I thought ""Sharp-shinned"" when I saw it but the system suggested Cooper's and I'm always wrong no matter whichever I choose for the ID. Thanks."
"27","Accipiter striatus",-117.176437,32.481913,"cdround,gass84","gbif",1838062354,"50c9509d-22c7-4a22-a47d-8c48425ef4a7","28eb1a3f-1c15-4a95-931a-4af90ecb574d","US","DWC_ARCHIVE","2018-05-09T01:56:25.515+0000","2018-04-16T14:54:39.137+0000",110,"HUMAN_OBSERVATION",9600371,1,44,212,7191147,2877,9405810,"Accipiter striatus Vieillot, 1897","Animalia","Chordata","Accipitriformes","Accipitridae","Accipiter","Accipiter","striatus","SPECIES","2018-04-12T19:04:43.000+0000",29093,2018,1,30,2018-01-30,"2018-04-12T22:04:09.000+0000","2018-04-16T14:55:08.281+0000","https://www.inaturalist.org/observations/10821539","http://creativecommons.org/licenses/by-nc/4.0/legalcode","WGS84","Aves","US","United States","docprt","10821539","Coordinate uncertainty increased to 29093m to protect threatened taxon","2018/01/30 10:54 AM PST","iNaturalist research-grade observations","1838062354","Observations","United States","https://www.inaturalist.org/observations/10821539","5097","10821539","docprt","https://www.inaturalist.org/observations/10821539","iNaturalist","© docprt some rights reserved","18:54:00Z","24041409",NA,NA
"28","Accipiter striatus",-72.462466,43.021616,"cdround,gass84","gbif",1806345624,"50c9509d-22c7-4a22-a47d-8c48425ef4a7","28eb1a3f-1c15-4a95-931a-4af90ecb574d","US","DWC_ARCHIVE","2018-05-09T03:26:22.538+0000","2018-02-01T17:56:05.079+0000",110,"HUMAN_OBSERVATION",9600371,1,44,212,7191147,2877,9405810,"Accipiter striatus Vieillot, 1897","Animalia","Chordata","Accipitriformes","Accipitridae","Accipiter","Accipiter","striatus","SPECIES","2018-01-22T14:02:02.000+0000",122,2018,1,21,2018-01-21,"2018-01-26T02:18:54.000+0000","2018-02-02T17:33:13.144+0000","https://www.inaturalist.org/observations/9561907","http://creativecommons.org/licenses/by-nc/4.0/legalcode","WGS84","Aves","US","United States","joannerusso","9561907",NA,"2018/01/21 2:59 PM EST","iNaturalist research-grade observations","1806345624","Observations","Westminster, VT, USA","https://www.inaturalist.org/observations/9561907","5097","9561907","joannerusso","https://www.inaturalist.org/observations/9561907","iNaturalist","© joannerusso some rights reserved","19:59:00Z","20985241",NA,NA
"29","Accipiter striatus",-75.618694,39.733274,"cdround,gass84","gbif",1802764377,"50c9509d-22c7-4a22-a47d-8c48425ef4a7","28eb1a3f-1c15-4a95-931a-4af90ecb574d","US","DWC_ARCHIVE","2018-05-09T03:25:20.479+0000","2018-01-11T09:17:21.555+0000",110,"HUMAN_OBSERVATION",9600371,1,44,212,7191147,2877,9405810,"Accipiter striatus Vieillot, 1897","Animalia","Chordata","Accipitriformes","Accipitridae","Accipiter","Accipiter","striatus","SPECIES","2018-01-02T23:17:38.000+0000",258,2018,1,1,2018-01-01,"2018-01-02T23:51:17.000+0000","2018-02-02T17:13:19.596+0000","https://www.inaturalist.org/observations/9345413","http://creativecommons.org/licenses/by-nc/4.0/legalcode","WGS84","Aves","US","United States","Jack Leonard","9345413",NA,"2018-01-01 8:27:01 PM EST","iNaturalist research-grade observations","1802764377","Observations","1251 Centerville Rd, Wilmington, DE 19808, USA","https://www.inaturalist.org/observations/9345413","5097","9345413","Jack Leonard","https://www.inaturalist.org/observations/9345413","iNaturalist","© Jack Leonard some rights reserved","01:27:01Z","20344479",NA,NA
"30","Accipiter striatus",-102.218373,31.956692,"cdround,gass84","gbif",1806363550,"50c9509d-22c7-4a22-a47d-8c48425ef4a7","28eb1a3f-1c15-4a95-931a-4af90ecb574d","US","DWC_ARCHIVE","2018-05-09T03:26:36.340+0000","2018-02-15T09:29:13.600+0000",110,"HUMAN_OBSERVATION",9600371,1,44,212,7191147,2877,9405810,"Accipiter striatus Vieillot, 1897","Animalia","Chordata","Accipitriformes","Accipitridae","Accipiter","Accipiter","striatus","SPECIES","2018-01-27T00:13:42.000+0000",29173,2018,1,26,2018-01-26,"2018-02-04T14:45:23.000+0000","2018-02-15T09:29:13.876+0000","https://www.inaturalist.org/observations/9625721","http://creativecommons.org/licenses/by-nc/4.0/legalcode","WGS84","Aves","US","United States","Greg Lasley","9625721","Coordinate uncertainty increased to 29173m to protect threatened taxon","2018/01/26 9:39 AM CST","iNaturalist research-grade observations","1806363550","Observations","Texas, US","https://www.inaturalist.org/observations/9625721","5097","9625721","Greg Lasley","https://www.inaturalist.org/observations/9625721","iNaturalist","© Greg Lasley some rights reserved","15:39:00Z","21137968","Saw this Accipiter as it landed in a tree...got a few shots in the tree then several others as it flew away. From the squared off tail and several rapid wing beats between short glides, I think it is Sharp-shinned, but I am not certain.",NA
"31","Accipiter striatus",-122.705509,45.884709,"cdround,gass84","gbif",1802768577,"50c9509d-22c7-4a22-a47d-8c48425ef4a7","28eb1a3f-1c15-4a95-931a-4af90ecb574d","US","DWC_ARCHIVE","2018-05-09T03:25:23.351+0000","2018-01-11T09:17:38.981+0000",110,"HUMAN_OBSERVATION",9600371,1,44,212,7191147,2877,9405810,"Accipiter striatus Vieillot, 1897","Animalia","Chordata","Accipitriformes","Accipitridae","Accipiter","Accipiter","striatus","SPECIES","2018-01-03T17:08:54.000+0000",27095,2018,1,2,2018-01-02,"2018-01-03T18:03:45.000+0000","2018-02-02T17:13:20.041+0000","https://www.inaturalist.org/observations/9354768","http://creativecommons.org/licenses/by-nc/4.0/legalcode","WGS84","Aves","US","United States","kathawk","9354768","Coordinate uncertainty increased to 27095m to protect threatened taxon","2018/01/02 9:23 AM PST","iNaturalist research-grade observations","1802768577","Observations","Washington, US","https://www.inaturalist.org/observations/9354768","5097","9354768","kathawk","https://www.inaturalist.org/observations/9354768","iNaturalist","© kathawk some rights reserved","17:23:00Z","20365148",NA,NA
"32","Accipiter striatus",-121.736801,38.626928,"cdround,gass84","gbif",1805413486,"50c9509d-22c7-4a22-a47d-8c48425ef4a7","28eb1a3f-1c15-4a95-931a-4af90ecb574d","US","DWC_ARCHIVE","2018-05-09T03:26:08.979+0000","2018-01-25T15:16:46.642+0000",110,"HUMAN_OBSERVATION",9600371,1,44,212,7191147,2877,9405810,"Accipiter striatus Vieillot, 1897","Animalia","Chordata","Accipitriformes","Accipitridae","Accipiter","Accipiter","striatus","SPECIES","2018-01-18T03:38:15.000+0000",28210,2018,1,16,2018-01-16,"2018-01-18T03:38:15.000+0000","2018-02-02T17:28:58.642+0000","https://www.inaturalist.org/observations/9512875","http://creativecommons.org/licenses/by-nc/4.0/legalcode","WGS84","Aves","US","United States","Leslie Flint","9512875","Coordinate uncertainty increased to 28210m to protect threatened taxon","2018/01/16 12:28 PM PST","iNaturalist research-grade observations","1805413486","Observations","California, US","https://www.inaturalist.org/observations/9512875","5097","9512875","Leslie Flint","https://www.inaturalist.org/observations/9512875","iNaturalist","© Leslie Flint some rights reserved","20:28:00Z","20845347",NA,NA
"33","Accipiter striatus",-122.586202,37.474854,"cdround,gass84","gbif",1806359027,"50c9509d-22c7-4a22-a47d-8c48425ef4a7","28eb1a3f-1c15-4a95-931a-4af90ecb574d","US","DWC_ARCHIVE","2018-05-09T03:26:32.761+0000","2018-02-01T17:56:20.263+0000",110,"HUMAN_OBSERVATION",9600371,1,44,212,7191147,2877,9405810,"Accipiter striatus Vieillot, 1897","Animalia","Chordata","Accipitriformes","Accipitridae","Accipiter","Accipiter","striatus","SPECIES","2018-01-25T20:55:27.000+0000",28388,2018,1,25,2018-01-25,"2018-01-26T02:47:37.000+0000","2018-02-02T17:33:26.259+0000","https://www.inaturalist.org/observations/9613225","http://creativecommons.org/licenses/by-nc/4.0/legalcode","WGS84","Aves","US","United States","Donna Pomeroy","9613225","Coordinate uncertainty increased to 28388m to protect threatened taxon","2018/01/25 12:38 PM PST","iNaturalist research-grade observations","1806359027","Observations","California, US","https://www.inaturalist.org/observations/9613225","5097","9613225","Donna Pomeroy","https://www.inaturalist.org/observations/9613225","iNaturalist","© Donna Pomeroy some rights reserved","20:38:00Z","21100504",NA,NA
"34","Accipiter striatus",-114.866991,35.991549,"cdround,gass84","gbif",1805418117,"50c9509d-22c7-4a22-a47d-8c48425ef4a7","28eb1a3f-1c15-4a95-931a-4af90ecb574d","US","DWC_ARCHIVE","2018-05-09T03:26:11.971+0000","2018-02-01T17:55:49.235+0000",110,"HUMAN_OBSERVATION",9600371,1,44,212,7191147,2877,9405810,"Accipiter striatus Vieillot, 1897","Animalia","Chordata","Accipitriformes","Accipitridae","Accipiter","Accipiter","striatus","SPECIES","2018-01-19T02:42:19.000+0000",28620,2018,1,13,2018-01-13,"2018-01-20T20:56:06.000+0000","2018-02-02T17:29:02.017+0000","https://www.inaturalist.org/observations/9524494","http://creativecommons.org/licenses/by-nc/4.0/legalcode","WGS84","Aves","US","United States","BJ Stacey","9524494","Coordinate uncertainty increased to 28620m to protect threatened taxon","2018/01/13 3:23 PM PST","iNaturalist research-grade observations","1805418117","Observations","Clark County, US-NV, US","https://www.inaturalist.org/observations/9524494","5097","9524494","BJ Stacey","https://www.inaturalist.org/observations/9524494","iNaturalist","© BJ Stacey some rights reserved","23:23:00Z","20875788","Clark County, Nevada, US",NA
"35","Accipiter striatus",-74.997974,38.827249,"cdround,gass84","gbif",1806349512,"50c9509d-22c7-4a22-a47d-8c48425ef4a7","28eb1a3f-1c15-4a95-931a-4af90ecb574d","US","DWC_ARCHIVE","2018-05-09T03:26:25.372+0000","2018-02-01T17:56:08.916+0000",110,"HUMAN_OBSERVATION",9600371,1,44,212,7191147,2877,9405810,"Accipiter striatus Vieillot, 1897","Animalia","Chordata","Accipitriformes","Accipitridae","Accipiter","Accipiter","striatus","SPECIES","2018-01-23T07:36:37.000+0000",28181,2018,1,21,2018-01-21,"2018-01-24T02:27:40.000+0000","2018-02-02T17:33:13.976+0000","https://www.inaturalist.org/observations/9571939","http://creativecommons.org/licenses/by-nc/4.0/legalcode","WGS84","Aves","US","United States","Mirko Schoenitz","9571939","Coordinate uncertainty increased to 28181m to protect threatened taxon","2018-01-21 10:02:03","iNaturalist research-grade observations","1806349512","Observations","United States","https://www.inaturalist.org/observations/9571939","5097","9571939","Mirko Schoenitz","https://www.inaturalist.org/observations/9571939","iNaturalist","by Mirko Schoenitz no rights reserved","15:02:03Z","21012349",NA,NA
"36","Accipiter striatus",-101.800809,33.532845,"cdround,gass84","gbif",1805393261,"50c9509d-22c7-4a22-a47d-8c48425ef4a7","28eb1a3f-1c15-4a95-931a-4af90ecb574d","US","DWC_ARCHIVE","2018-05-09T03:25:53.800+0000","2018-03-08T06:55:36.045+0000",110,"HUMAN_OBSERVATION",9600371,1,44,212,7191147,2877,9405810,"Accipiter striatus Vieillot, 1897","Animalia","Chordata","Accipitriformes","Accipitridae","Accipiter","Accipiter","striatus","SPECIES","2018-01-13T23:21:26.000+0000",28957,2018,1,13,2018-01-13,"2018-03-02T07:15:23.000+0000","2018-03-08T06:55:36.068+0000","https://www.inaturalist.org/observations/9461185","http://creativecommons.org/licenses/by-nc/4.0/legalcode","WGS84","Aves","US","United States","Lena Zappia","9461185","Coordinate uncertainty increased to 28957m to protect threatened taxon","2018/01/13 12:47 PM CST","iNaturalist research-grade observations","1805393261","Observations","Texas, US","https://www.inaturalist.org/observations/9461185","5097","9461185","Lena Zappia","https://www.inaturalist.org/observations/9461185","iNaturalist","© Lena Zappia some rights reserved","18:47:00Z","20691196","Big.",NA
"37","Accipiter striatus",-98.538452,30.206596,"cdround,gass84","gbif",1805408439,"50c9509d-22c7-4a22-a47d-8c48425ef4a7","28eb1a3f-1c15-4a95-931a-4af90ecb574d","US","DWC_ARCHIVE","2018-05-09T03:26:05.442+0000","2018-04-23T17:27:25.461+0000",110,"HUMAN_OBSERVATION",9600371,1,44,212,7191147,2877,9405810,"Accipiter striatus Vieillot, 1897","Animalia","Chordata","Accipitriformes","Accipitridae","Accipiter","Accipiter","striatus","SPECIES","2018-01-16T21:26:49.000+0000",29382,2018,1,16,2018-01-16,"2018-04-20T03:37:44.000+0000","2018-04-23T17:27:25.473+0000","https://www.inaturalist.org/observations/9499861","http://creativecommons.org/licenses/by-nc/4.0/legalcode","WGS84","Aves","US","United States","duckswim2","9499861","Coordinate uncertainty increased to 29382m to protect threatened taxon","2018/01/16 1:42 PM CST","iNaturalist research-grade observations","1805408439","Observations","Texas, US","https://www.inaturalist.org/observations/9499861","5097","9499861","duckswim2","https://www.inaturalist.org/observations/9499861","iNaturalist","© duckswim2 some rights reserved","19:42:00Z","20797523","Almost daily visitor. I almost literally stumbled into this bird this afternoon. Just above my head height. Chowing down on a female Cardinal. She had no problem with me watching as I stood just feet away from her perched in a Mulberry Tree. Last photo shows distended crop after meal. Temperature near 32 degrees Fahrenheit. We rose above freezing for a couple of hours today, above forecast of 29F.",NA
"38","Accipiter striatus",-97.231475,32.590125,"cdround,gass84","gbif",1802765218,"50c9509d-22c7-4a22-a47d-8c48425ef4a7","28eb1a3f-1c15-4a95-931a-4af90ecb574d","US","DWC_ARCHIVE","2018-05-09T03:25:20.977+0000","2018-01-11T09:17:24.605+0000",110,"HUMAN_OBSERVATION",9600371,1,44,212,7191147,2877,9405810,"Accipiter striatus Vieillot, 1897","Animalia","Chordata","Accipitriformes","Accipitridae","Accipiter","Accipiter","striatus","SPECIES","2018-01-02T21:47:48.000+0000",29093,2018,1,2,2018-01-02,"2018-01-04T04:56:00.000+0000","2018-02-02T17:13:15.291+0000","https://www.inaturalist.org/observations/9347520","http://creativecommons.org/licenses/by-nc/4.0/legalcode","WGS84","Aves","US","United States","Missy McAllister Kerr","9347520","Coordinate uncertainty increased to 29093m to protect threatened taxon","2018/01/02 2:50 PM CST","iNaturalist research-grade observations","1802765218","Observations","Texas, US","https://www.inaturalist.org/observations/9347520","5097","9347520","Missy McAllister Kerr","https://www.inaturalist.org/observations/9347520","iNaturalist","© Missy McAllister Kerr some rights reserved","20:50:00Z","20341443",NA,NA
"39","Accipiter striatus",-121.985106,37.379922,"cdround,gass84","gbif",1806346845,"50c9509d-22c7-4a22-a47d-8c48425ef4a7","28eb1a3f-1c15-4a95-931a-4af90ecb574d","US","DWC_ARCHIVE","2018-05-09T03:26:23.345+0000","2018-02-01T17:56:06.108+0000",110,"HUMAN_OBSERVATION",9600371,1,44,212,7191147,2877,9405810,"Accipiter striatus Vieillot, 1897","Animalia","Chordata","Accipitriformes","Accipitridae","Accipiter","Accipiter","striatus","SPECIES","2018-01-22T20:01:25.000+0000",28417,2018,1,22,2018-01-22,"2018-01-27T11:35:47.000+0000","2018-02-02T17:33:10.101+0000","https://www.inaturalist.org/observations/9564925","http://creativecommons.org/licenses/by-nc/4.0/legalcode","WGS84","Aves","US","United States","edward_rooks","9564925","Coordinate uncertainty increased to 28417m to protect threatened taxon","2018/01/22 12:27 PM PST","iNaturalist research-grade observations","1806346845","Observations","Santa Clara County, US-CA, US","https://www.inaturalist.org/observations/9564925","5097","9564925","edward_rooks","https://www.inaturalist.org/observations/9564925","iNaturalist","© edward_rooks some rights reserved","20:27:00Z","20993990","Checking out my backyard bird feeders.",NA
"40","Accipiter striatus",-122.021465,36.940958,"cdround,gass84","gbif",1831162333,"50c9509d-22c7-4a22-a47d-8c48425ef4a7","28eb1a3f-1c15-4a95-931a-4af90ecb574d","US","DWC_ARCHIVE","2018-05-09T03:26:42.474+0000","2018-03-08T06:56:09.482+0000",110,"HUMAN_OBSERVATION",9600371,1,44,212,7191147,2877,9405810,"Accipiter striatus Vieillot, 1897","Animalia","Chordata","Accipitriformes","Accipitridae","Accipiter","Accipiter","striatus","SPECIES","2018-01-28T20:19:18.000+0000",28476,2018,1,27,2018-01-27,"2018-02-24T15:46:26.000+0000","2018-03-08T06:56:09.532+0000","https://www.inaturalist.org/observations/9646230","http://creativecommons.org/licenses/by-nc/4.0/legalcode","WGS84","Aves","US","United States","vivienneo","9646230","Coordinate uncertainty increased to 28476m to protect threatened taxon","2018/01/27 5:40 PM PST","iNaturalist research-grade observations","1831162333","Observations","California, US","https://www.inaturalist.org/observations/9646230","5097","9646230","vivienneo","https://www.inaturalist.org/observations/9646230","iNaturalist","© vivienneo some rights reserved","01:40:00Z","21193106","This was seen on post right next to roadway at end of Delaware, closer to Delaware than to Aquarium.",NA
"41","Accipiter striatus",-111.989686,33.502076,"cdround,gass84","gbif",1806351185,"50c9509d-22c7-4a22-a47d-8c48425ef4a7","28eb1a3f-1c15-4a95-931a-4af90ecb574d","US","DWC_ARCHIVE","2018-05-09T03:26:27.454+0000","2018-02-01T17:56:10.548+0000",110,"HUMAN_OBSERVATION",9600371,1,44,212,7191147,2877,9405810,"Accipiter striatus Vieillot, 1897","Animalia","Chordata","Accipitriformes","Accipitridae","Accipiter","Accipiter","striatus","SPECIES","2018-01-23T23:32:11.000+0000",19,2018,1,22,2018-01-22,"2018-01-23T23:32:12.000+0000","2018-02-02T17:33:15.775+0000","https://www.inaturalist.org/observations/9589801","http://creativecommons.org/licenses/by-nc/4.0/legalcode","WGS84","Aves","US","United States","Andy Bridges","9589801",NA,"Mon Jan 22 2018 14:55:16 GMT-0700 (MST)","iNaturalist research-grade observations","1806351185","Observations","4227 E Campbell Ave, Phoenix, AZ, US","https://www.inaturalist.org/observations/9589801","5097","9589801","Andy Bridges","https://www.inaturalist.org/observations/9589801","iNaturalist","© Andy Bridges some rights reserved","21:55:16Z","21041807",NA,NA
"42","Accipiter striatus",-83.043426,40.137929,"cdround,gass84","gbif",1805421013,"50c9509d-22c7-4a22-a47d-8c48425ef4a7","28eb1a3f-1c15-4a95-931a-4af90ecb574d","US","DWC_ARCHIVE","2018-05-09T03:26:14.665+0000","2018-03-08T06:55:50.855+0000",110,"HUMAN_OBSERVATION",9600371,1,44,212,7191147,2877,9405810,"Accipiter striatus Vieillot, 1897","Animalia","Chordata","Accipitriformes","Accipitridae","Accipiter","Accipiter","striatus","SPECIES","2018-01-20T00:58:38.000+0000",28000,2018,1,16,2018-01-16,"2018-02-17T13:08:11.000+0000","2018-03-08T06:55:50.872+0000","https://www.inaturalist.org/observations/9533521","http://creativecommons.org/licenses/by-nc/4.0/legalcode","WGS84","Aves","US","United States","lizlovesnature","9533521","Coordinate uncertainty increased to 28000m to protect threatened taxon","2018/01/16 1:01 PM EST","iNaturalist research-grade observations","1805421013","Observations","Ohio, US","https://www.inaturalist.org/observations/9533521","5097","9533521","lizlovesnature","https://www.inaturalist.org/observations/9533521","iNaturalist","© lizlovesnature some rights reserved","18:01:00Z","20903613","Caught a Starling at the bird feeder",NA
"43","Accipiter striatus",-97.277557,30.115421,"cdround,gass84","gbif",1802790517,"50c9509d-22c7-4a22-a47d-8c48425ef4a7","28eb1a3f-1c15-4a95-931a-4af90ecb574d","US","DWC_ARCHIVE","2018-05-09T03:25:38.351+0000","2018-01-25T15:13:03.389+0000",110,"HUMAN_OBSERVATION",9600371,1,44,212,7191147,2877,9405810,"Accipiter striatus Vieillot, 1897","Animalia","Chordata","Accipitriformes","Accipitridae","Accipiter","Accipiter","striatus","SPECIES","2018-01-08T12:17:32.000+0000",29407,2018,1,1,2018-01-01,"2018-01-15T01:52:52.000+0000","2018-02-02T17:13:28.426+0000","https://www.inaturalist.org/observations/9410466","http://creativecommons.org/licenses/by-nc/4.0/legalcode","WGS84","Aves","US","United States","Nicholas Cowey","9410466","Coordinate uncertainty increased to 29407m to protect threatened taxon","2018/01/01 4:55 PM CST","iNaturalist research-grade observations","1802790517","Observations","Texas, US","https://www.inaturalist.org/observations/9410466","5097","9410466","Nicholas Cowey","https://www.inaturalist.org/observations/9410466","iNaturalist","© Nicholas Cowey some rights reserved","22:55:00Z","20527029","CBC-TXBB 2018",NA
"44","Accipiter striatus",-98.570575,30.393251,"cdround,gass84","gbif",1836595671,"50c9509d-22c7-4a22-a47d-8c48425ef4a7","28eb1a3f-1c15-4a95-931a-4af90ecb574d","US","DWC_ARCHIVE","2018-05-09T01:49:32.487+0000","2018-05-09T01:49:32.514+0000",110,"HUMAN_OBSERVATION",9600371,1,44,212,7191147,2877,9405810,"Accipiter striatus Vieillot, 1897","Animalia","Chordata","Accipitriformes","Accipitridae","Accipiter","Accipiter","striatus","SPECIES","2018-03-08T05:32:51.000+0000",29382,2018,1,18,2018-01-18,"2018-03-08T17:56:53.000+0000","2018-05-09T01:49:55.851+0000","https://www.inaturalist.org/observations/10135292","http://creativecommons.org/licenses/by-nc/4.0/legalcode","WGS84","Aves","US","United States","duckswim2","10135292","Coordinate uncertainty increased to 29382m to protect threatened taxon","2018/01/18 3:14 PM CST","iNaturalist research-grade observations","1836595671","Observations","Texas, US","https://www.inaturalist.org/observations/10135292","5097","10135292","duckswim2","https://www.inaturalist.org/observations/10135292","iNaturalist","© duckswim2 some rights reserved","21:14:00Z","22464490","Another visit by this Sharp-shinned. Showing up nearly every day, but going away with an empty crop this day.",NA
"45","Accipiter striatus",-119.896376,37.671919,"cdround,gass84","gbif",1805382460,"50c9509d-22c7-4a22-a47d-8c48425ef4a7","28eb1a3f-1c15-4a95-931a-4af90ecb574d","US","DWC_ARCHIVE","2018-05-09T03:25:46.178+0000","2018-01-25T15:14:00.486+0000",110,"HUMAN_OBSERVATION",9600371,1,44,212,7191147,2877,9405810,"Accipiter striatus Vieillot, 1897","Animalia","Chordata","Accipitriformes","Accipitridae","Accipiter","Accipiter","striatus","SPECIES","2018-01-11T02:15:00.000+0000",28359,2018,1,10,2018-01-10,"2018-01-12T16:41:05.000+0000","2018-02-02T17:28:46.702+0000","https://www.inaturalist.org/observations/9435061","http://creativecommons.org/licenses/by-nc/4.0/legalcode","WGS84","Aves","US","United States","Beth Pratt","9435061","Coordinate uncertainty increased to 28359m to protect threatened taxon","Wed Jan 10 2018 15:30:12 GMT-0800 (PST)","iNaturalist research-grade observations","1805382460","Observations","Mariposa County, US-CA, US","https://www.inaturalist.org/observations/9435061","5097","9435061","Beth Pratt","https://www.inaturalist.org/observations/9435061","iNaturalist","© Beth Pratt some rights reserved","23:30:12Z","20607385",NA,NA
"46","Accipiter striatus",-97.60868,30.353876,"cdround,gass84","gbif",1806342408,"50c9509d-22c7-4a22-a47d-8c48425ef4a7","28eb1a3f-1c15-4a95-931a-4af90ecb574d","US","DWC_ARCHIVE","2018-05-09T03:26:20.231+0000","2018-02-15T09:28:57.858+0000",110,"HUMAN_OBSERVATION",9600371,1,44,212,7191147,2877,9405810,"Accipiter striatus Vieillot, 1897","Animalia","Chordata","Accipitriformes","Accipitridae","Accipiter","Accipiter","striatus","SPECIES","2018-01-21T21:51:47.000+0000",29382,2018,1,21,2018-01-21,"2018-02-04T20:15:35.000+0000","2018-02-15T09:28:57.907+0000","https://www.inaturalist.org/observations/9553550","http://creativecommons.org/licenses/by-nc/4.0/legalcode","WGS84","Aves","US","United States","Eric Carpenter","9553550","Coordinate uncertainty increased to 29382m to protect threatened taxon","2018/01/21 9:55 AM CST","iNaturalist research-grade observations","1806342408","Observations","Travis County, US-TX, US","https://www.inaturalist.org/observations/9553550","5097","9553550","Eric Carpenter","https://www.inaturalist.org/observations/9553550","iNaturalist","© Eric Carpenter some rights reserved","15:55:00Z","20963089",NA,NA
"47","Accipiter striatus",-83.035421,40.04315,"cdround,gass84","gbif",1805382433,"50c9509d-22c7-4a22-a47d-8c48425ef4a7","28eb1a3f-1c15-4a95-931a-4af90ecb574d","US","DWC_ARCHIVE","2018-05-09T03:25:46.167+0000","2018-01-25T15:14:00.237+0000",110,"HUMAN_OBSERVATION",9600371,1,44,212,7191147,2877,9405810,"Accipiter striatus Vieillot, 1897","Animalia","Chordata","Accipitriformes","Accipitridae","Accipiter","Accipiter","striatus","SPECIES","2018-01-11T02:09:03.000+0000",28000,2018,1,10,2018-01-10,"2018-01-14T01:58:47.000+0000","2018-02-02T17:28:45.392+0000","https://www.inaturalist.org/observations/9435027","http://creativecommons.org/licenses/by-nc/4.0/legalcode","WGS84","Aves","US","United States","lizlovesnature","9435027","Coordinate uncertainty increased to 28000m to protect threatened taxon","2018/01/10 2:08 PM EST","iNaturalist research-grade observations","1805382433","Observations","Ohio, US","https://www.inaturalist.org/observations/9435027","5097","9435027","lizlovesnature","https://www.inaturalist.org/observations/9435027","iNaturalist","© lizlovesnature some rights reserved","19:08:00Z","20607173",NA,NA
"48","Accipiter striatus",-77.245257,38.701658,"cdround,gass84","gbif",1802789192,"50c9509d-22c7-4a22-a47d-8c48425ef4a7","28eb1a3f-1c15-4a95-931a-4af90ecb574d","US","DWC_ARCHIVE","2018-05-09T03:25:37.372+0000","2018-01-11T09:19:03.941+0000",110,"HUMAN_OBSERVATION",9600371,1,44,212,7191147,2877,9405810,"Accipiter striatus Vieillot, 1897","Animalia","Chordata","Accipitriformes","Accipitridae","Accipiter","Accipiter","striatus","SPECIES","2018-01-09T01:36:01.000+0000",32,2018,1,7,2018-01-07,"2018-01-09T01:36:01.000+0000","2018-02-02T17:13:30.294+0000","https://www.inaturalist.org/observations/9403582","http://creativecommons.org/licenses/by-nc/4.0/legalcode","WGS84","Aves","US","United States","Matthew O'Donnell","9403582",NA,"2018/01/07 5:02 PM EST","iNaturalist research-grade observations","1802789192","Observations","Laurel Hill Equestrian Center, Lorton, Fairfax County, VA","https://www.inaturalist.org/observations/9403582","5097","9403582","Matthew O'Donnell","https://www.inaturalist.org/observations/9403582","iNaturalist","by Matthew O'Donnell no rights reserved","22:02:00Z","20548651",NA,NA
"49","Accipiter striatus",-123.983566,49.189083,"cdround,gass84","gbif",1805385473,"50c9509d-22c7-4a22-a47d-8c48425ef4a7","28eb1a3f-1c15-4a95-931a-4af90ecb574d","US","DWC_ARCHIVE","2018-05-09T03:25:48.183+0000","2018-02-15T09:28:36.806+0000",110,"HUMAN_OBSERVATION",9600371,1,44,212,7191147,2877,9405810,"Accipiter striatus Vieillot, 1897","Animalia","Chordata","Accipitriformes","Accipitridae","Accipiter","Accipiter","striatus","SPECIES","2018-01-11T21:22:49.000+0000",179,2018,1,10,2018-01-10,"2018-02-01T16:28:17.000+0000","2018-02-15T09:28:37.031+0000","https://www.inaturalist.org/observations/9441847","http://creativecommons.org/licenses/by-nc/4.0/legalcode","WGS84","Aves","CA","Canada","nanorca13","9441847",NA,"2018/01/10 12:14 PM PST","iNaturalist research-grade observations","1805385473","Observations","Evergreen Way, Nanaimo, BC V9S, Canada","https://www.inaturalist.org/observations/9441847","5097","9441847","nanorca13","https://www.inaturalist.org/observations/9441847","iNaturalist","© nanorca13 some rights reserved","20:14:00Z","20628585",NA,NA
"50","Accipiter striatus",-111.023577,32.261184,"cdround,gass84","gbif",1806355426,"50c9509d-22c7-4a22-a47d-8c48425ef4a7","28eb1a3f-1c15-4a95-931a-4af90ecb574d","US","DWC_ARCHIVE","2018-05-09T03:26:30.368+0000","2018-03-08T06:56:00.867+0000",110,"HUMAN_OBSERVATION",9600371,1,44,212,7191147,2877,9405810,"Accipiter striatus Vieillot, 1897","Animalia","Chordata","Accipitriformes","Accipitridae","Accipiter","Accipiter","striatus","SPECIES","2018-01-25T04:19:18.000+0000",119,2018,1,23,2018-01-23,"2018-02-23T06:26:27.000+0000","2018-03-08T06:56:00.924+0000","https://www.inaturalist.org/observations/9604006","http://creativecommons.org/licenses/by-nc/4.0/legalcode","WGS84","Aves","US","United States","CK Kelly","9604006",NA,"Tue Jan 23 2018 17:01:26 GMT-0700 (MST)","iNaturalist research-grade observations","1806355426","Observations","Tucson, AZ 85745, Tucson, AZ, US","https://www.inaturalist.org/observations/9604006","5097","9604006","CK Kelly","https://www.inaturalist.org/observations/9604006","iNaturalist","© CK Kelly some rights reserved","00:01:26Z","21082107","Three people with me said Sharpie we’ll see what inat’ers say",NA
